[
  {
    "name":"Mamba Kakoboza",
    "shortname":"mamba",
    "reknown":"Emamba silyla amazzi nywa",
    "bio":"Emmamba Kakoboza is one of the 56 clans of the Buganda Kingdom. The Emmamba Kakoboza chief is Gabunga, whose headquarters are located in .......... in ......... County in Uganda. The Emmamba Kakooboza clan has the mamba, a Luganda word for Lung Fish, as its totem."
  },
  {
    "name":"Butiko",
    "shortname":"butiko",
    "reknown":"Ssagala agalamide",
    "bio":"Butiko clan is one of the 56 clans of the Buganda Kingdom. The Emmamba Kakoboza chief is Gabunga, whose headquarters are located in .......... in ......... County in Uganda. The Emmamba Kakooboza clan has the mamba, a Luganda word for Lung Fish, as its totem."
  },
  {
    "name":"Mpindi",
    "shortname":"mpindi",
    "reknown":"Samba Egoto",
    "bio":"Mpindi is one of the 56 clans of the Buganda Kingdom, one of the largest nations of Uganda. The Mpindi chief is Mazige, whose headquarters are located in Muyenje in Busiro County in Uganda. The Mpindi clan has the mpindi, a Luganda word for cowpea (Vigna unguiculalta), as its totem."
  },
  {
    "name":"Ngabi",
    "shortname":"ngabi",
    "reknown":"Ngabi blah blah",
    "bio":"Mpindi is one of the 56 clans of the Buganda Kingdom, one of the largest nations of Uganda. The Mpindi chief is Mazige, whose headquarters are located in Muyenje in Busiro County in Uganda. The Mpindi clan has the mpindi, a Luganda word for cowpea (Vigna unguiculalta), as its totem."
  },
  {
    "name":"Mpologoma",
    "shortname":"mpologoma",
    "reknown":"yahhhhhh",
    "bio":"Mpologoma is one of the 56 clans of the Buganda Kingdom, one of the largest nations of Uganda. The Mpindi chief is Mazige, whose headquarters are located in Muyenje in Busiro County in Uganda. The Mpindi clan has the mpindi, a Luganda word for cowpea (Vigna unguiculalta), as its totem."
  }
]