[
{"name":"Abalangira",
"shortname":"abalangira",
"reknown":"yaaahhh",
"bio":"This is the ruling clan of Buganda which follows the maternal lineage. This maternal system helps the Kingship of Buganda to revolve from clan to clan as different women from various clans marry into the royal family.Clan names include Batanda, Male, Batenga, Male, Kagere Male, Luwedde Male, Nakamaanya Male, Mazzi Female, Nabadda Female, Nakabiri Female, Nakamaanya Female, Nakampi, Female, Nakasagga Female, Nassolo Female, "
}, {"name":"Akasimba",
"shortname":"akasimba",
"reknown":"Kiiso bwe kikulaba obulungi naawe okiraba.Kiiso bwe kikulaba obulungi naawe okiraba.",
"bio":"A man once sent her daughter in the field to herd his goats. While the goats grazed in the savannah, a leopard pounced on one and killed it.Clan names include "
}, {"name":"Butiko",
"shortname":"butiko",
"reknown":"Blah blah blah",
"bio":"hgsjsfk ihdkfgidjbgfi ihdfid igijdigfidClan names include "
}, {"name":"Ekkobe kaama",
"shortname":"ekkobe_kaama",
"reknown":"Kasonzi mulwadde",
"bio":"There is a legend that a man once went to visit his in-laws and saw very good air potatoes. He had food scarcity at his home and never wanted his in-laws to know, so he decided to help himself.Clan names include Busuulwa, Male, Kakinda, Male, Kayiwa, Male, Lwabiriza, Male, Namukangula, Male, Nsereko Male, Nababi, Female, Nakamatte, Female, Nakayiwa, Female, Namale, Female, Nantumbwe, Female, Nassimbwa, Female, "
}, {"name":"Embogo",
"shortname":"embogo",
"reknown":"Kyaana kya mbogo ssenge Katutu kaagwa",
"bio":"It is believed that the Mbogo clansmen hailed from Bunyoro in a place called Mazigita near Kibulala. They came carrying Kimera to ascend the throne of his lost grandfather Ccwa Nabakka, son of Kalemeera.Clan names include Kayanja, Male, Lutaakome, Male, Majwega, Male, Ssendikwanawa Male, Walakira Male, Kyakonye Female, Namagembe, Female, Nannyanzi Female, Nantamu, Female, Nnamukwaya Female, "
}, {"name":"Enjovu",
"shortname":"enjovu",
"reknown":"Esimbye amasanga................Nakate ajja, Nakate ajja, ajja ayuga. Batte mmugamba tunguraka emu,",
"bio":"The Njovu clansmen claim their descent from Sessanga who came with Kintu in Buganda and settled in Ntonnyeze in Busujju. He was Kintu`s herdsman and also took charge of his spears and arrows. It is in Ntonnyeze that he had his son Mukalo who became the first wealthy man in the entire clan and acquired many estates.Clan names include "
}, {"name":"Enkerebwe",
"shortname":"enkerebwe",
"reknown":"Enkerebwe, Enkerebwe.......Enkulu, esima nga eggalira nga eggulira........",
"bio":"This group of people came from Bunyoro. They came with Prince Kimera on his way to ascend his grandfather`s (Kabaka Ccwa Nabakka) throne in Buganda.Clan names include "
}, {"name":"Ensenene",
"shortname":"ensenene",
"reknown":"Nakimera muka Ssuuna bw’asa bwanegula.",
"bio":"Buyonga’s daughter Wannyana was exceptionally beautiful and this earned her a privilege to mingle with royals of different kingdoms. She was a descendant of the Batoro of Mugamba hill, Busongola in Toro. Her father Buyonga was son of Kiroboozi who is said to be the grandfather of the Nsenene Clan.Clan names include , Ssewannyana Male, Kajubi Male, Kalanzi, Male, Ssendawula, Male, Nakajubi Female, Nakalanzi, Female, Nandawula, Female, "
}, {"name":"Ente",
"shortname":"ente",
"reknown":"Ekyuma nkiridde n’omukimba ngulidde.",
"bio":"Although it is a rule that you don’t eat your totem, the nte clansmen do eat beef yet a cow is their totem. There are seven specific types of cows that are totemic and the rest are notClan names include "
}, {"name":"Mamba Kakoboza",
"shortname":"mamba_kakoboza",
"reknown":"blah blah",
"bio":"Emmamba Kakoboza is one of the 56 clans of the Buganda Kingdom. The Emmamba Kakoboza chief is Gabunga, whose headquarters are located in .......... in ......... County in Uganda. The Emmamba Kakooboza clan has the mamba, a Luganda word for Lung Fish, as its totem.Clan names include Mubiru Male, Mutebi Male, "
}, {"name":"Mpindi",
"shortname":"mpindi",
"reknown":"Samba Eggotto",
"bio":"Mpindi is one of the 56 clans of the Buganda Kingdom, one of the largest nations of Uganda. The Mpindi chief is Mazige, whose headquarters are located in Muyenje in Busiro County in Uganda. The Mpindi clan has the mpindi, a Luganda word for cowpea (Vigna unguiculalta), as its totem.Clan names include Mazige Male, Nannozi Female, "
}, {"name":"Mpologoma",
"shortname":"mpologoma",
"reknown":"Namuguzi akaabira Kasagga",
"bio":"It all happened when the son of King Kintu called Ssebuganda went hunting with his father. Ssebuganda had a stick which he used to kill two lions.Clan names include Ntale Male, Ssebuwufu Male, Ssekibuule, Male, Sserwadda Male, Nabuwufu, Female, Nakalema Female, Nakibuule Female, Nakitowoolo, Female, Nalwadda, Female, Nantale, Female, "
}, {"name":"Musu",
"shortname":"musu",
"reknown":"Kivu kyaja okulya nokutuwalana",
"bio":"Clan names include Muyingo Male, Ssenkumba Male, Nankumba Female, "
}, {"name":"Ngabi",
"shortname":"ngabi",
"reknown":"Kalikutanda",
"bio":"History has it that those of the Ngabi Clan of Buwanda (Ennangira), came to Buganda from Bunyoro.But there are different theories as regards to the birth of their fore father, NSAMClan names include Matovu Male, "
}, {"name":"Ngeye",
"shortname":"ngeye",
"reknown":"Tatuula asuulumba busuulumbi",
"bio":"When Kintu overthrew Bemba, he could not be inaugurated king without a Muganda wife as it was required by the law of the land.Clan names include "
}]